# 1	sample_AACCA-ACAGTG_trim.fil.sort.dupre.sam.bam.q20.bam,sample_AACCA-ATCACG_trim.fil.sort.dupre.sam.bam.q20.bam,sample_AACCA-CAGATC_trim.fil.sort.dupre.sam.bam.q20.bam,sample_AACCA-CGATGT_trim.fil.sort.dupre.sam.bam.q20.bam,sample_AACCA-GGCTAC_trim.fil.sort.dupre.sam.bam.q20.bam,sample_AACCA-TAGCTT_trim.fil.sort.dupre.sam.bam.q20.bam,sample_AACCA-TGACCA_trim.fil.sort.dupre.sam.bam.q20.bam,sample_AAGGA-ACAGTG_trim.fil.sort.dupre.sam.bam.q20.bam,sample_AAGGA-CGATGT_trim.fil.sort.dupre.sam.bam.q20.bam,sample_AAGGA-CTTGTA_trim.fil.sort.dupre.sam.bam.q20.bam,sample_AAGGA-GGCTAC_trim.fil.sort.dupre.sam.bam.q20.bam,sample_AAGGA-TGACCA_trim.fil.sort.dupre.sam.bam.q20.bam,sample_ACACA-ACAGTG_trim.fil.sort.dupre.sam.bam.q20.bam,sample_ACACA-CAGATC_trim.fil.sort.dupre.sam.bam.q20.bam,sample_ACACA-CTTGTA_trim.fil.sort.dupre.sam.bam.q20.bam,sample_ACACA-GGCTAC_trim.fil.sort.dupre.sam.bam.q20.bam,sample_AGCTA-GGCTAC_trim.fil.sort.dupre.sam.bam.q20.bam,sample_CAACC-ACAGTG_trim.fil.sort.dupre.sam.bam.q20.bam,sample_CAACC-ATCACG_trim.fil.sort.dupre.sam.bam.q20.bam,sample_CAACC-CAGATC_trim.fil.sort.dupre.sam.bam.q20.bam,sample_CAACC-CGATGT_trim.fil.sort.dupre.sam.bam.q20.bam,sample_CAACC-CTTGTA_trim.fil.sort.dupre.sam.bam.q20.bam,sample_CAACC-GGCTAC_trim.fil.sort.dupre.sam.bam.q20.bam,sample_CAACC-TAGCTT_trim.fil.sort.dupre.sam.bam.q20.bam,sample_CAACC-TGACCA_trim.fil.sort.dupre.sam.bam.q20.bam,sample_CGATC-ACAGTG_trim.fil.sort.dupre.sam.bam.q20.bam,sample_CGATC-ATCACG_trim.fil.sort.dupre.sam.bam.q20.bam,sample_CGATC-CAGATC_trim.fil.sort.dupre.sam.bam.q20.bam,sample_CGATC-CGATGT_trim.fil.sort.dupre.sam.bam.q20.bam,sample_CGATC-CTTGTA_trim.fil.sort.dupre.sam.bam.q20.bam,sample_CGATC-GGCTAC_trim.fil.sort.dupre.sam.bam.q20.bam,sample_CGATC-TAGCTT_trim.fil.sort.dupre.sam.bam.q20.bam,sample_CGATC-TGACCA_trim.fil.sort.dupre.sam.bam.q20.bam,sample_GCATG-ACAGTG_trim.fil.sort.dupre.sam.bam.q20.bam,sample_GCATG-ATCACG_trim.fil.sort.dupre.sam.bam.q20.bam,sample_GCATG-CAGATC_trim.fil.sort.dupre.sam.bam.q20.bam,sample_GCATG-CGATGT_trim.fil.sort.dupre.sam.bam.q20.bam,sample_GCATG-CTTGTA_trim.fil.sort.dupre.sam.bam.q20.bam,sample_GCATG-GGCTAC_trim.fil.sort.dupre.sam.bam.q20.bam,sample_GCATG-TAGCTT_trim.fil.sort.dupre.sam.bam.q20.bam,sample_GCATG-TGACCA_trim.fil.sort.dupre.sam.bam.q20.bam,sample_GGTTG-ACAGTG_trim.fil.sort.dupre.sam.bam.q20.bam,sample_GGTTG-ATCACG_trim.fil.sort.dupre.sam.bam.q20.bam,sample_GGTTG-CAGATC_trim.fil.sort.dupre.sam.bam.q20.bam,sample_GGTTG-CGATGT_trim.fil.sort.dupre.sam.bam.q20.bam,sample_GGTTG-CTTGTA_trim.fil.sort.dupre.sam.bam.q20.bam,sample_GGTTG-GGCTAC_trim.fil.sort.dupre.sam.bam.q20.bam,sample_GGTTG-TGACCA_trim.fil.sort.dupre.sam.bam.q20.bam,sample_TCGAT-ACAGTG_trim.fil.sort.dupre.sam.bam.q20.bam,sample_TCGAT-CAGATC_trim.fil.sort.dupre.sam.bam.q20.bam,sample_TCGAT-CGATGT_trim.fil.sort.dupre.sam.bam.q20.bam,sample_TCGAT-CTTGTA_trim.fil.sort.dupre.sam.bam.q20.bam,sample_TCGAT-GGCTAC_trim.fil.sort.dupre.sam.bam.q20.bam,sample_TCGAT-TAGCTT_trim.fil.sort.dupre.sam.bam.q20.bam,sample_TGCAT-ACAGTG_trim.fil.sort.dupre.sam.bam.q20.bam,sample_TGCAT-ATCACG_trim.fil.sort.dupre.sam.bam.q20.bam,sample_TGCAT-CAGATC_trim.fil.sort.dupre.sam.bam.q20.bam,sample_TGCAT-CGATGT_trim.fil.sort.dupre.sam.bam.q20.bam,sample_TGCAT-CTTGTA_trim.fil.sort.dupre.sam.bam.q20.bam,sample_TGCAT-GGCTAC_trim.fil.sort.dupre.sam.bam.q20.bam,sample_TGCAT-TGACCA_trim.fil.sort.dupre.sam.bam.q20.bam
# Batch ID 	Locus ID	Chr	BP	Pop ID	N	Haplotype Cnt	Gene Diversity	Smoothed Gene Diversity	Smoothed Gene Diversity P-value	Haplotype Diversity	Smoothed Haplotype Diversity	Smoothed Haplotype Diversity P-value	Haplotypes
1	174	1	32145191	1	66	2	0.1925	0.1925	0.0000	0.1925	0.1925	0.0000	A:59;G:7
1	175	1	33607248	1	100	2	0.0200	0.0200	0.9900	0.0200	0.0200	0.9900	A:99;T:1
1	2971	1	65242361	1	26	2	0.0769	0.0769	0.2900	0.0769	0.0769	0.2900	A:25;G:1
1	195	1	70054144	1	96	2	0.0208	0.0208	0.9900	0.0208	0.0208	0.9900	C:1;G:95
1	200	1	83443850	1	96	2	0.0208	0.0298	0.9400	0.0208	0.0298	0.9400	A:95;G:1
1	201	1	83444059	1	104	2	0.0381	0.0298	0.9000	0.0381	0.0298	0.9000	A:2;T:102
1	1255	1	84546670	1	90	2	0.0222	0.0222	0.9900	0.0222	0.0222	0.9900	A:89;G:1
1	1258	1	88636966	1	92	2	0.0430	0.0430	0.7100	0.0430	0.0430	0.7100	C:90;T:2
1	1265	1	89732689	1	88	2	0.0227	0.0227	0.9900	0.0227	0.0227	0.9900	A:1;T:87
1	1287	1	94425377	1	86	2	0.0233	0.0233	0.9900	0.0233	0.0233	0.9900	G:85;T:1
1	571	10	5672870	1	88	2	0.0449	0.0449	0.5700	0.0449	0.0449	0.5700	C:2;T:86
1	548	10	16342186	1	90	3	0.0869	0.0869	0.0000	0.0869	0.0869	0.0000	A:2;G:86;T:2
1	558	10	18952954	1	68	2	0.0294	0.0294	0.7600	0.0294	0.0294	0.7600	G:67;T:1
1	617	11	2573570	1	100	2	0.0396	0.0396	0.7300	0.0396	0.0396	0.7300	C:2;T:98
1	624	11	5726452	1	84	2	0.0470	0.0470	0.5000	0.0470	0.0470	0.5000	C:82;T:2
1	3654	11	6232652	1	36	2	0.0556	0.0472	0.5700	0.0556	0.0472	0.5700	A:35;G:1
1	627	11	6302939	1	78	2	0.0506	0.0461	0.6800	0.0506	0.0461	0.6800	C:76;T:2
1	23	11	6380444	1	102	2	0.0388	0.0449	0.5600	0.0388	0.0449	0.5600	A:100;T:2
1	16	11	12955796	1	106	2	0.0374	0.0381	0.7700	0.0374	0.0381	0.7700	C:104;T:2
1	17	11	12956004	1	102	2	0.0388	0.0381	0.8600	0.0388	0.0381	0.8600	C:100;T:2
1	600	11	16476248	1	78	2	0.0256	0.0256	0.8000	0.0256	0.0256	0.8000	C:77;T:1
1	35	12	6085938	1	82	2	0.0482	0.0482	0.5000	0.0482	0.0482	0.5000	A:2;C:80
1	26	12	11665193	1	94	2	0.0421	0.0421	0.7700	0.0421	0.0421	0.7700	A:92;G:2
1	648	12	12807091	1	68	2	0.0579	0.0579	0.3000	0.0579	0.0579	0.3000	A:2;T:66
1	665	12	17382394	1	96	2	0.1544	0.1544	0.0000	0.1544	0.1544	0.0000	C:8;T:88
1	677	13	10552174	1	82	2	0.0482	0.0482	0.5600	0.0482	0.0482	0.5600	C:2;T:80
1	55	14	10464113	1	92	2	0.0217	0.0217	0.9900	0.0217	0.0217	0.9900	G:1;T:91
1	69	15	3984283	1	102	2	0.0388	0.0388	0.8000	0.0388	0.0388	0.8000	C:100;G:2
1	793	15	6807242	1	78	2	0.0506	0.0593	0.3100	0.0506	0.0593	0.3100	A:2;G:76
1	794	15	7049891	1	90	3	0.0869	0.0800	0.0600	0.0869	0.0800	0.0600	A:2;G:86;T:2
1	74	15	9808415	1	90	2	0.0222	0.0222	0.9900	0.0222	0.0222	0.9900	A:89;G:1
1	63	15	11831531	1	102	2	0.1118	0.1118	0.0000	0.1118	0.1118	0.0000	A:96;G:6
1	83	17	6647633	1	104	2	0.0381	0.0381	0.7600	0.0381	0.0381	0.7600	A:102;G:2
1	88	17	9282394	1	102	2	0.0196	0.0196	0.9900	0.0196	0.0196	0.9900	A:1;G:101
1	825	17	9780018	1	76	2	0.0263	0.0386	0.7500	0.0263	0.0386	0.7500	C:1;G:75
1	826	17	9780245	1	78	2	0.0506	0.0386	0.6800	0.0506	0.0386	0.6800	A:76;T:2
1	807	17	11114831	1	54	2	0.0727	0.0727	0.2500	0.0727	0.0727	0.2500	G:52;T:2
1	93	18	3159852	1	98	2	0.0404	0.0404	0.7900	0.0404	0.0404	0.7900	C:96;G:2
1	90	18	10418897	1	100	2	0.0396	0.0304	0.9100	0.0396	0.0304	0.9100	C:98;T:2
1	91	18	10419108	1	96	2	0.0208	0.0304	0.9400	0.0208	0.0304	0.9400	C:1;T:95
1	110	19	7884515	1	104	2	0.0192	0.0192	0.9900	0.0192	0.0192	0.9900	A:103;G:1
1	150	1A	7637361	1	106	2	0.0189	0.0189	0.9900	0.0189	0.0189	0.9900	A:1;G:105
1	906	1A	22330749	1	90	2	0.0439	0.0439	0.5700	0.0439	0.0439	0.5700	A:88;G:2
1	932	1A	35328520	1	84	2	0.0470	0.0470	0.4700	0.0470	0.0470	0.4700	C:2;T:82
1	945	1A	39774586	1	94	2	0.0213	0.0213	0.9900	0.0213	0.0213	0.9900	C:93;G:1
1	133	1A	43382712	1	94	3	0.0833	0.0833	0.1900	0.0833	0.0833	0.1900	A:90;G:2;T:2
1	138	1A	49306373	1	112	2	0.0354	0.0364	0.8500	0.0354	0.0364	0.8500	A:2;G:110
1	139	1A	49306589	1	106	2	0.0374	0.0364	0.8300	0.0374	0.0364	0.8300	G:104;T:2
1	978	1A	53582584	1	94	2	0.0421	0.0421	0.7800	0.0421	0.0421	0.7800	C:92;T:2
1	4611	1A	55000384	1	24	2	0.0833	0.0833	0.2400	0.0833	0.0833	0.2400	A:23;G:1
1	1009	1A	64102392	1	80	2	0.0962	0.0962	0.0000	0.0962	0.0962	0.0000	A:76;G:4
1	1425	2	11068998	1	38	2	0.0526	0.0526	0.4900	0.0526	0.0526	0.4900	C:1;T:37
1	1537	2	17727383	1	98	2	0.0404	0.0412	0.6500	0.0404	0.0412	0.6500	C:2;T:96
1	1538	2	17727601	1	94	2	0.0421	0.0412	0.6200	0.0421	0.0412	0.6200	A:92;G:2
1	1541	2	18819019	1	34	2	0.0588	0.0588	0.1900	0.0588	0.0588	0.1900	C:1;T:33
1	1560	2	33207603	1	82	2	0.0482	0.0482	0.4800	0.0482	0.0482	0.4800	A:2;T:80
1	1564	2	34432117	1	88	2	0.0449	0.0449	0.5400	0.0449	0.0449	0.5400	A:86;G:2
1	3080	2	39150491	1	34	2	0.0588	0.0588	0.1600	0.0588	0.0588	0.1600	A:33;G:1
1	261	2	52289603	1	102	2	0.0577	0.0577	0.1400	0.0577	0.0577	0.1400	C:99;T:3
1	1625	2	55132626	1	88	2	0.0449	0.0449	0.4300	0.0449	0.0449	0.4300	C:2;T:86
1	268	2	61089329	1	104	2	0.0381	0.0381	0.7300	0.0381	0.0381	0.7300	C:102;T:2
1	1409	2	104843331	1	94	2	0.0421	0.0421	0.7700	0.0421	0.0421	0.7700	A:92;G:2
1	1420	2	109739890	1	86	2	0.0233	0.0450	0.6300	0.0233	0.0450	0.6300	A:85;C:1
1	1422	2	109767554	1	88	2	0.0666	0.0454	0.6500	0.0666	0.0454	0.6500	A:85;G:3
1	13986	2	117906035	1	26	2	0.1477	0.1439	0.0000	0.1477	0.1439	0.0000	C:2;T:24
1	1445	2	118271104	1	66	2	0.1156	0.1162	0.0000	0.1156	0.1162	0.0000	A:62;G:4
1	1488	2	132637118	1	80	2	0.0250	0.0250	0.7800	0.0250	0.0250	0.7800	C:79;T:1
1	1525	2	151742886	1	80	2	0.0250	0.0250	0.7700	0.0250	0.0250	0.7700	C:1;T:79
1	3008	20	9843822	1	72	2	0.0548	0.0548	0.2700	0.0548	0.0548	0.2700	A:70;G:2
1	207	20	12023539	1	100	2	0.0396	0.0396	0.7300	0.0396	0.0396	0.7300	C:98;T:2
1	208	20	12676419	1	106	2	0.0189	0.0189	0.9900	0.0189	0.0189	0.9900	A:1;G:105
1	1361	23	227157	1	88	2	0.0227	0.0227	0.9900	0.0227	0.0227	0.9900	A:1;G:87
1	1363	23	3866085	1	100	2	0.0396	0.0691	0.0500	0.0396	0.0691	0.0500	C:98;T:2
1	1364	23	3866297	1	96	2	0.0998	0.0691	0.0200	0.0998	0.0691	0.0200	A:5;G:91
1	221	24	290116	1	108	2	0.0367	0.0367	0.7200	0.0367	0.0367	0.7200	C:2;T:106
1	1386	26	3886946	1	88	2	0.0666	0.0577	0.2900	0.0666	0.0577	0.2900	A:85;G:3
1	1387	26	3887177	1	82	2	0.0482	0.0577	0.2800	0.0482	0.0577	0.2800	A:2;G:80
1	229	28	4204823	1	98	2	0.0204	0.0204	0.9900	0.0204	0.0204	0.9900	A:1;G:97
1	1815	3	2201578	1	92	2	0.0217	0.0217	0.9900	0.0217	0.0217	0.9900	A:1;G:91
1	1781	3	13884117	1	94	2	0.0421	0.0741	0.0800	0.0421	0.0741	0.0800	A:2;G:92
1	1782	3	13884345	1	90	3	0.1076	0.0741	0.0400	0.1076	0.0741	0.0400	C:3;G:2;T:85
1	291	3	14703432	1	100	2	0.0776	0.0776	0.2400	0.0776	0.0776	0.2400	A:4;T:96
1	1808	3	19692693	1	70	2	0.0286	0.0286	0.7400	0.0286	0.0286	0.7400	A:69;G:1
1	297	3	22168892	1	92	2	0.0430	0.0430	0.7300	0.0430	0.0430	0.7300	C:2;T:90
1	1822	3	23250971	1	92	2	0.2293	0.2293	0.0000	0.2293	0.2293	0.0000	C:12;T:80
1	1825	3	25384846	1	78	2	0.0256	0.0256	0.7400	0.0256	0.0256	0.7400	C:1;T:77
1	307	3	27608945	1	98	2	0.0204	0.0204	0.9900	0.0204	0.0204	0.9900	C:1;T:97
1	1852	3	30894876	1	88	2	0.0666	0.0510	0.4100	0.0666	0.0510	0.4100	C:3;T:85
1	1854	3	31021950	1	78	2	0.0256	0.0437	0.6000	0.0256	0.0437	0.6000	C:1;T:77
1	312	3	31542006	1	104	2	0.0747	0.0484	0.5700	0.0747	0.0484	0.5700	C:4;T:100
1	313	3	31542220	1	98	2	0.0204	0.0484	0.5300	0.0204	0.0484	0.5300	A:1;G:97
1	1868	3	38686592	1	86	2	0.0233	0.0233	0.9900	0.0233	0.0233	0.9900	A:1;G:85
1	1906	3	51276991	1	72	2	0.0278	0.0278	0.7600	0.0278	0.0278	0.7600	A:1;G:71
1	330	3	52524212	1	94	2	0.0213	0.0208	0.9900	0.0213	0.0208	0.9900	C:93;T:1
1	331	3	52524417	1	98	2	0.0204	0.0208	0.9900	0.0204	0.0208	0.9900	A:97;G:1
1	1975	3	76097942	1	92	2	0.1421	0.1421	0.0000	0.1421	0.1421	0.0000	A:85;G:7
1	1977	3	76997223	1	86	2	0.0233	0.0248	0.9300	0.0233	0.0248	0.9300	C:1;T:85
1	1978	3	77330522	1	96	2	0.0412	0.0400	0.7500	0.0412	0.0400	0.7500	C:2;T:94
1	1995	3	82474479	1	86	2	0.0233	0.0233	0.9900	0.0233	0.0233	0.9900	A:1;T:85
1	2017	3	92060738	1	84	2	0.0470	0.0470	0.4600	0.0470	0.0470	0.4600	A:82;G:2
1	353	3	98161698	1	80	2	0.0494	0.0494	0.5100	0.0494	0.0494	0.5100	C:2;T:78
1	1743	3	102222031	1	70	2	0.0563	0.0563	0.2500	0.0563	0.0563	0.2500	C:2;T:68
1	1753	3	103785200	1	84	2	0.0470	0.0470	0.5300	0.0470	0.0470	0.5300	A:82;T:2
1	375	4	3260690	1	102	2	0.0196	0.0196	0.9900	0.0196	0.0196	0.9900	C:1;T:101
1	2236	4	7019506	1	94	2	0.0213	0.0213	0.9900	0.0213	0.0213	0.9900	A:93;G:1
1	2129	4	24953937	1	70	2	0.1093	0.1093	0.0000	0.1093	0.1093	0.0000	C:4;T:66
1	374	4	25663270	1	100	2	0.0396	0.0396	0.7800	0.0396	0.0396	0.7800	C:2;T:98
1	2199	4	53011070	1	80	2	0.0250	0.0312	0.8800	0.0250	0.0312	0.8800	A:79;G:1
1	2201	4	53210584	1	88	2	0.0449	0.0395	0.7000	0.0449	0.0395	0.7000	C:2;T:86
1	383	4	56272316	1	96	2	0.0208	0.0208	0.9900	0.0208	0.0208	0.9900	A:1;G:95
1	2057	4A	1266005	1	86	2	0.0460	0.0460	0.4600	0.0460	0.0460	0.4600	A:84;G:2
1	411	5	4855241	1	100	2	0.0396	0.0392	0.6800	0.0396	0.0392	0.6800	A:2;G:98
1	412	5	4855472	1	102	2	0.0388	0.0392	0.7400	0.0388	0.0392	0.7400	G:100;T:2
1	2249	5	11204619	1	78	2	0.0506	0.0506	0.4800	0.0506	0.0506	0.4800	A:76;C:2
1	2301	5	30842854	1	78	2	0.0256	0.0256	0.7500	0.0256	0.0256	0.7500	A:77;T:1
1	2314	5	35030539	1	80	2	0.0250	0.0250	0.7600	0.0250	0.0250	0.7600	A:79;G:1
1	2352	5	49326421	1	82	2	0.0244	0.0244	0.7200	0.0244	0.0244	0.7200	A:81;G:1
1	2372	5	53824530	1	80	2	0.4351	0.4351	0.0000	0.4351	0.4351	0.0000	A:55;G:25
1	2474	6	6298847	1	84	2	0.0470	0.0470	0.5500	0.0470	0.0470	0.5500	C:82;T:2
1	2480	6	7195843	1	74	2	0.0533	0.0533	0.2400	0.0533	0.0533	0.2400	A:72;G:2
1	423	6	10936144	1	98	2	0.0404	0.0404	0.7100	0.0404	0.0404	0.7100	G:96;T:2
1	425	6	13474805	1	104	2	0.1434	0.1434	0.0000	0.1434	0.1434	0.0000	C:96;T:8
1	2404	6	16413933	1	86	2	0.0233	0.0233	0.9900	0.0233	0.0233	0.9900	A:85;G:1
1	2407	6	17079402	1	84	2	0.0470	0.0470	0.5100	0.0470	0.0470	0.5100	A:82;G:2
1	431	6	19072917	1	82	2	0.0482	0.0482	0.4900	0.0482	0.0482	0.4900	A:80;G:2
1	2419	6	20657622	1	86	2	0.0460	0.0460	0.5300	0.0460	0.0460	0.5300	C:2;T:84
1	8132	6	29234208	1	54	2	0.0370	0.0370	0.7300	0.0370	0.0370	0.7300	A:1;T:53
1	2464	6	35097998	1	76	2	0.0263	0.0263	0.7500	0.0263	0.0263	0.7500	A:75;T:1
1	2575	7	7264508	1	68	2	0.1124	0.1124	0.0000	0.1124	0.1124	0.0000	C:64;T:4
1	2497	7	14596446	1	76	2	0.0519	0.0519	0.4800	0.0519	0.0519	0.4800	A:74;T:2
1	2507	7	16888241	1	82	2	0.0244	0.0244	0.8100	0.0244	0.0244	0.8100	C:81;T:1
1	2516	7	22186779	1	86	2	0.0460	0.0460	0.6300	0.0460	0.0460	0.6300	C:84;T:2
1	2517	7	22186996	1	86	2	0.0460	0.0460	0.7000	0.0460	0.0460	0.7000	A:84;G:2
1	2648	8	5937604	1	82	2	0.0482	0.0482	0.4400	0.0482	0.0482	0.4400	C:80;T:2
1	2657	8	9506663	1	36	2	0.1079	0.1079	0.0000	0.1079	0.1079	0.0000	A:34;G:2
1	485	8	23712226	1	86	2	0.0460	0.0460	0.3700	0.0460	0.0460	0.3700	A:84;G:2
1	2633	8	24670785	1	84	2	0.0238	0.0238	0.7200	0.0238	0.0238	0.7200	C:1;T:83
1	2636	8	25192807	1	72	3	0.1080	0.1080	0.0000	0.1080	0.1080	0.0000	C:2;G:2;T:68
1	2685	9	16503422	1	82	2	0.0482	0.0482	0.3600	0.0482	0.0482	0.3600	A:80;G:2
1	511	Z	20601566	1	74	2	0.0533	0.0533	0.2500	0.0533	0.0533	0.2500	C:2;T:72
1	2748	Z	33369571	1	92	2	0.0841	0.0841	0.0000	0.0841	0.0841	0.0000	C:4;T:88
1	2780	Z	60656621	1	46	2	0.0435	0.0435	0.5500	0.0435	0.0435	0.5500	C:45;T:1
1	2789	Z	68115575	1	84	2	0.0238	0.0238	0.6900	0.0238	0.0238	0.6900	C:1;T:83
